Student_ID,Age,Gender,State,School_Type,Study_Hours_Per_Week,Attendance_Rate_Pct,Previous_Exam_Score_Pct,Mock_Exam_Score_Pct,Number_of_Subjects,Attends_Extra_Classes,Parental_Education_Level,Household_Income_Level,Distance_to_School_km,Has_Internet_Access,Has_Textbook_Access,WAEC_Pass_Likelihood_Pct,Predicted_Outcome
WAEC0001,15,Female,Lagos,Public,16.8,64.6,39.9,42.0,8,Yes,Tertiary,Low,0.6,Yes,No,6.7,Fail
WAEC0002,18,Female,Abia,Private,8.4,100.0,44.5,40.6,9,No,Secondary,Low,0.6,Yes,Yes,48.4,Fail
WAEC0003,18,Female,Plateau,Private,7.7,85.3,49.8,46.4,9,No,Secondary,Low,1.1,No,No,31.6,Fail
WAEC0004,17,Male,Abia,Private,14.3,86.6,33.6,45.0,7,Yes,Tertiary,High,6.5,Yes,No,77.9,Pass
WAEC0005,17,Female,Anambra,Private,16.9,78.3,48.7,51.3,9,Yes,Tertiary,Middle,1.1,Yes,Yes,68.1,Pass
WAEC0006,19,Female,Osun,Private,12.2,79.9,56.8,49.3,8,No,Secondary,Low,5.5,Yes,Yes,46.1,Fail
WAEC0007,15,Male,Anambra,Private,5.6,93.6,49.0,35.2,7,Yes,Secondary,Middle,6.3,Yes,No,40.5,Fail
WAEC0008,18,Female,Plateau,Public,5.2,81.6,50.9,62.2,8,Yes,Tertiary,Low,1.2,No,Yes,17.8,Fail
WAEC0009,16,Female,Edo,Private,4.9,88.4,54.7,52.2,9,No,Primary,Low,3.4,Yes,Yes,47.1,Fail
WAEC0010,15,Female,Lagos,Public,3.2,79.6,45.2,51.5,9,Yes,Tertiary,Low,2.2,Yes,Yes,68.2,Pass
WAEC0011,17,Female,Imo,Public,12.5,77.9,65.4,80.8,8,Yes,None,Middle,12.2,Yes,Yes,67.0,Pass
WAEC0012,19,Male,Lagos,Private,17.6,65.1,76.5,66.4,7,Yes,Primary,Low,2.6,No,Yes,34.9,Fail
WAEC0013,18,Female,Katsina,Private,11.9,58.3,48.0,50.5,7,No,Tertiary,Middle,0.2,Yes,Yes,85.6,Pass
WAEC0014,18,Male,Cross River,Private,0.7,78.9,62.3,63.6,7,Yes,Secondary,Low,2.9,No,Yes,37.1,Fail
WAEC0015,18,Female,Anambra,Public,11.0,82.7,51.4,58.2,9,Yes,Primary,Middle,3.6,Yes,No,53.6,Pass
WAEC0016,18,Female,Edo,Private,11.2,66.6,60.5,75.9,8,Yes,Primary,High,1.8,Yes,Yes,64.9,Pass
WAEC0017,17,Male,Cross River,Private,22.5,81.6,78.5,68.2,8,Yes,Secondary,Low,10.8,No,Yes,64.2,Pass
WAEC0018,15,Male,Kaduna,Public,4.7,82.6,62.6,71.3,9,Yes,Tertiary,Low,7.3,Yes,Yes,7.3,Fail
WAEC0019,19,Male,Kaduna,Public,10.0,56.1,28.4,41.7,9,Yes,None,High,2.0,Yes,No,8.3,Fail
WAEC0020,17,Male,Ogun,Public,20.5,71.0,61.8,62.9,9,Yes,None,Middle,1.4,No,Yes,39.2,Fail
WAEC0021,17,Male,Kaduna,Private,14.2,86.9,73.5,75.1,7,Yes,Secondary,Middle,1.3,Yes,No,78.1,Pass
WAEC0022,16,Male,Benue,Public,14.8,86.6,51.7,58.9,8,No,Tertiary,Low,0.9,Yes,Yes,87.2,Pass
WAEC0023,15,Male,Kano,Private,12.6,68.2,69.9,76.3,9,Yes,Primary,Low,9.4,No,Yes,15.0,Fail
WAEC0024,19,Male,Osun,Public,13.6,83.9,44.6,53.4,9,Yes,Tertiary,Middle,1.8,Yes,No,43.4,Fail
WAEC0025,18,Female,Delta,Private,15.9,94.3,32.7,41.3,7,No,Tertiary,High,0.4,Yes,No,37.6,Fail
WAEC0026,18,Male,Abia,Public,8.0,91.3,57.1,50.3,8,No,Primary,Low,5.2,Yes,Yes,9.2,Fail
WAEC0027,17,Male,Rivers,Private,16.4,80.9,28.7,41.6,9,No,Tertiary,Middle,0.4,No,Yes,76.3,Pass
WAEC0028,19,Male,Anambra,Public,5.1,76.4,51.4,66.1,7,Yes,Secondary,Middle,11.1,Yes,Yes,84.2,Pass
WAEC0029,17,Female,Benue,Public,13.6,74.4,74.3,79.2,8,Yes,Secondary,Low,0.2,Yes,Yes,47.3,Fail
WAEC0030,17,Male,Kaduna,Private,12.9,87.6,26.4,14.5,7,Yes,Secondary,Low,2.1,No,No,8.7,Fail
WAEC0031,17,Female,Kano,Private,8.9,84.3,35.8,37.7,9,Yes,Tertiary,Low,2.5,No,No,11.9,Fail
WAEC0032,16,Male,Imo,Private,11.9,89.6,39.5,44.4,7,Yes,Tertiary,Middle,3.6,No,Yes,92.3,Pass
WAEC0033,15,Male,Rivers,Public,8.9,83.6,54.1,45.7,7,No,Tertiary,Middle,0.4,Yes,Yes,81.8,Pass
WAEC0034,17,Male,Delta,Public,6.6,91.8,49.5,48.9,7,Yes,Tertiary,Middle,6.0,Yes,Yes,64.1,Pass
WAEC0035,19,Male,Edo,Public,10.2,83.1,76.0,64.9,7,No,Secondary,Low,1.7,Yes,Yes,12.8,Fail
WAEC0036,15,Female,Abia,Public,6.5,91.4,69.3,78.4,8,Yes,Tertiary,Middle,4.8,No,No,31.5,Fail
WAEC0037,19,Male,Cross River,Private,13.6,92.4,62.4,67.1,7,Yes,Tertiary,Middle,2.0,Yes,Yes,93.3,Pass
WAEC0038,19,Male,Kwara,Private,6.2,72.3,57.2,43.7,8,No,Primary,Middle,3.2,No,Yes,40.5,Fail
WAEC0039,16,Female,Osun,Private,15.6,60.3,60.9,67.4,8,No,None,Middle,8.7,Yes,Yes,3.2,Fail
WAEC0040,18,Female,Oyo,Private,6.1,100.0,42.1,44.5,8,Yes,Secondary,Low,0.2,No,No,29.1,Fail
WAEC0041,15,Female,Anambra,Private,9.2,85.1,67.9,76.1,9,No,Tertiary,Middle,0.3,No,Yes,96.2,Pass
WAEC0042,18,Female,Lagos,Private,8.9,61.4,38.3,37.4,8,Yes,Primary,Low,7.8,Yes,Yes,15.0,Fail
WAEC0043,18,Female,Lagos,Public,18.6,73.4,67.5,62.5,8,Yes,Tertiary,Low,13.2,No,Yes,84.3,Pass
WAEC0044,16,Male,Enugu,Public,13.7,91.3,72.8,68.1,9,No,None,Low,8.5,No,Yes,25.6,Fail
WAEC0045,15,Female,Abia,Private,10.9,78.6,58.2,55.8,7,Yes,Secondary,Middle,9.4,Yes,Yes,40.6,Fail
WAEC0046,19,Male,Ondo,Private,14.5,75.9,52.4,55.6,9,Yes,Secondary,Middle,1.5,Yes,Yes,70.5,Pass
WAEC0047,17,Male,Benue,Public,1.5,98.8,61.0,65.5,9,No,Primary,Low,14.3,No,Yes,8.8,Fail
WAEC0048,19,Female,Cross River,Public,11.8,69.4,12.1,13.2,7,Yes,Tertiary,High,3.6,Yes,Yes,15.7,Fail
WAEC0049,18,Female,Benue,Private,22.0,72.4,59.5,58.3,7,Yes,Primary,High,0.8,Yes,No,44.2,Fail
WAEC0050,18,Female,Rivers,Public,12.7,84.5,53.3,52.8,8,Yes,Tertiary,Low,0.5,Yes,Yes,90.7,Pass
WAEC0051,18,Male,Osun,Public,12.3,86.7,54.2,82.3,7,No,Primary,Middle,1.2,No,Yes,13.7,Fail
WAEC0052,15,Female,Ondo,Private,14.7,88.0,65.6,60.9,8,No,Tertiary,Low,4.9,Yes,Yes,88.1,Pass
WAEC0053,16,Male,Oyo,Private,16.5,92.9,53.9,51.3,9,Yes,Secondary,High,11.4,No,No,51.9,Pass
WAEC0054,17,Female,Edo,Public,2.0,84.4,37.9,73.8,8,Yes,None,Low,1.8,Yes,No,10.7,Fail
WAEC0055,17,Female,Osun,Private,3.6,87.9,52.9,60.1,7,No,None,Low,4.8,Yes,No,20.2,Fail
WAEC0056,15,Female,Edo,Public,13.1,78.9,56.0,45.2,7,Yes,None,Middle,2.3,No,Yes,14.4,Fail
WAEC0057,17,Female,Osun,Private,8.4,82.8,56.7,68.1,9,No,Secondary,Low,0.2,Yes,Yes,67.2,Pass
WAEC0058,15,Female,Katsina,Public,18.6,83.3,57.4,51.3,7,No,Tertiary,Middle,0.8,Yes,Yes,13.4,Fail
WAEC0059,18,Male,Edo,Public,10.4,84.6,70.6,82.7,8,Yes,Secondary,Middle,0.5,Yes,Yes,88.2,Pass
WAEC0060,18,Male,Oyo,Public,2.3,91.3,38.7,39.6,9,Yes,Secondary,Low,3.7,No,Yes,1.4,Fail
WAEC0061,19,Male,Delta,Public,5.7,88.7,57.6,56.2,7,Yes,Secondary,Middle,0.2,Yes,Yes,61.0,Pass
WAEC0062,18,Female,Enugu,Private,0.0,82.5,74.3,93.4,8,Yes,Secondary,High,1.9,Yes,Yes,96.9,Pass
WAEC0063,16,Male,Edo,Public,10.8,72.3,29.0,37.7,8,Yes,Secondary,Middle,12.8,Yes,Yes,41.8,Fail
WAEC0064,19,Male,Abia,Public,11.1,82.8,57.7,70.4,7,No,Secondary,Middle,0.6,Yes,Yes,19.8,Fail
WAEC0065,17,Female,Edo,Public,9.9,81.7,46.2,53.5,8,Yes,Tertiary,Low,0.9,Yes,Yes,22.1,Fail
WAEC0066,16,Female,Rivers,Private,17.4,84.3,49.4,48.0,8,No,Tertiary,Low,1.1,Yes,No,26.5,Fail
WAEC0067,19,Female,Delta,Private,18.0,100.0,41.4,50.5,7,No,Secondary,High,4.0,Yes,Yes,76.1,Pass
WAEC0068,16,Female,Kwara,Private,11.1,75.7,52.5,67.6,9,Yes,None,Middle,4.5,Yes,No,5.3,Fail
WAEC0069,15,Female,Lagos,Public,1.3,87.1,82.6,86.9,8,Yes,Primary,Middle,0.9,No,Yes,64.3,Pass
WAEC0070,17,Male,Enugu,Public,15.1,94.8,36.0,57.0,7,Yes,Secondary,High,1.9,No,No,59.5,Pass
WAEC0071,18,Female,Ondo,Public,14.8,83.2,37.5,49.0,9,No,Secondary,Low,1.8,Yes,No,10.4,Fail
WAEC0072,15,Female,Oyo,Public,13.5,100.0,35.5,40.6,9,Yes,Tertiary,Middle,0.7,Yes,Yes,81.7,Pass
WAEC0073,17,Female,Ogun,Private,16.9,77.5,80.9,86.4,7,No,Secondary,Low,0.8,Yes,No,69.1,Pass
WAEC0074,15,Male,Enugu,Private,6.2,85.9,48.1,52.5,7,No,Secondary,Low,9.2,No,Yes,12.8,Fail
WAEC0075,18,Female,Kano,Public,22.0,72.4,54.6,45.1,8,No,Tertiary,Middle,0.4,Yes,Yes,12.0,Fail
WAEC0076,17,Female,Ogun,Public,7.2,77.8,49.0,51.1,8,No,Primary,Low,1.9,Yes,No,9.4,Fail
WAEC0077,16,Female,Imo,Private,15.7,85.0,40.8,46.0,9,No,Tertiary,High,0.5,Yes,Yes,50.3,Pass
WAEC0078,16,Male,Rivers,Public,3.6,92.2,51.5,50.3,8,No,None,Low,2.9,Yes,Yes,5.0,Fail
WAEC0079,17,Female,Oyo,Public,7.3,85.8,91.9,98.3,8,No,Secondary,High,4.7,Yes,Yes,89.5,Pass
WAEC0080,18,Female,Kano,Public,19.6,97.1,75.9,79.1,7,No,Tertiary,Middle,2.4,Yes,Yes,96.8,Pass
WAEC0081,19,Female,Kwara,Public,10.7,80.9,42.2,52.9,8,No,Tertiary,Middle,1.3,No,Yes,37.2,Fail
WAEC0082,17,Male,Ondo,Public,16.2,78.0,64.7,74.3,9,No,Tertiary,High,4.3,No,Yes,80.7,Pass
WAEC0083,15,Female,Rivers,Public,13.2,100.0,42.5,47.2,8,No,Secondary,Middle,1.2,No,Yes,8.9,Fail
WAEC0084,19,Female,Delta,Public,11.5,86.7,28.4,17.7,8,No,Tertiary,Low,7.2,No,Yes,12.9,Fail
WAEC0085,18,Male,Delta,Private,18.8,73.4,70.3,91.2,7,No,Secondary,Low,1.2,Yes,Yes,67.4,Pass
WAEC0086,18,Female,Anambra,Public,10.8,73.7,72.4,74.0,9,No,Secondary,Low,1.0,No,Yes,67.8,Pass
WAEC0087,15,Male,Enugu,Public,3.1,70.7,70.7,72.9,7,Yes,None,High,10.7,No,Yes,19.5,Fail
WAEC0088,16,Female,Oyo,Private,8.0,93.2,48.0,47.6,7,No,Primary,Middle,11.2,No,Yes,19.3,Fail
WAEC0089,18,Male,Imo,Private,14.8,77.6,52.5,50.6,7,No,Secondary,Low,1.2,No,Yes,64.1,Pass
WAEC0090,19,Female,Anambra,Public,14.0,83.5,66.2,84.6,9,No,None,Low,10.5,Yes,No,9.8,Fail
WAEC0091,17,Female,Delta,Public,4.2,81.2,60.9,77.8,8,Yes,Tertiary,Middle,11.0,Yes,No,28.1,Fail
WAEC0092,19,Female,Kaduna,Private,8.4,90.8,49.1,56.5,9,No,Tertiary,Middle,1.4,Yes,Yes,98.3,Pass
WAEC0093,19,Female,Katsina,Public,9.1,71.8,30.7,32.6,8,No,Tertiary,Low,8.3,Yes,Yes,3.8,Fail
WAEC0094,16,Female,Cross River,Public,10.2,69.1,56.7,65.9,8,No,Primary,Middle,26.2,Yes,No,6.3,Fail
WAEC0095,19,Male,Ogun,Private,5.1,84.7,71.2,74.9,8,No,Tertiary,Middle,0.2,Yes,No,82.6,Pass
WAEC0096,16,Male,Enugu,Public,8.9,89.2,37.0,38.1,7,No,None,Middle,6.9,Yes,Yes,13.3,Fail
WAEC0097,16,Female,Osun,Private,8.4,86.0,64.6,71.0,8,No,Secondary,Low,0.2,No,Yes,42.9,Fail
WAEC0098,18,Female,Ondo,Public,15.9,72.3,60.0,58.6,9,Yes,Tertiary,Middle,9.1,No,Yes,55.6,Pass
WAEC0099,18,Male,Lagos,Private,16.0,90.1,66.3,71.8,9,No,None,Low,0.7,No,Yes,25.0,Fail
WAEC0100,15,Male,Katsina,Public,11.3,73.1,68.1,73.1,8,Yes,None,Low,6.8,Yes,No,5.3,Fail
WAEC0101,19,Female,Kwara,Public,10.0,75.7,44.6,53.6,9,No,None,Middle,1.0,No,Yes,61.4,Pass
WAEC0102,15,Female,Oyo,Public,12.7,70.7,30.7,27.5,9,No,Secondary,Middle,1.6,No,Yes,11.2,Fail
WAEC0103,19,Male,Benue,Public,7.9,97.6,47.0,57.1,8,Yes,Tertiary,Low,1.5,No,Yes,68.2,Pass
WAEC0104,15,Male,Kano,Private,6.3,89.6,68.3,62.2,8,Yes,Primary,High,1.7,No,No,55.8,Pass
WAEC0105,18,Male,Oyo,Public,7.3,89.3,46.9,44.2,7,Yes,Primary,Low,8.4,Yes,Yes,14.1,Fail
WAEC0106,18,Female,Kano,Public,8.8,97.0,44.6,42.3,7,No,Secondary,Middle,2.0,Yes,No,18.3,Fail
WAEC0107,18,Male,Edo,Private,6.2,100.0,27.7,20.0,9,No,Primary,High,2.5,No,Yes,4.7,Fail
WAEC0108,18,Female,Cross River,Private,12.8,61.5,81.3,94.5,7,Yes,Tertiary,Middle,0.2,No,Yes,89.7,Pass
WAEC0109,17,Male,Ogun,Public,15.6,73.1,67.4,60.7,8,No,Tertiary,High,2.5,Yes,Yes,62.5,Pass
WAEC0110,18,Male,Kano,Public,4.1,74.6,66.5,62.5,9,Yes,Tertiary,Middle,1.2,Yes,Yes,92.8,Pass
WAEC0111,16,Female,Rivers,Private,12.1,71.8,69.5,85.1,7,No,Tertiary,Middle,1.6,Yes,No,42.5,Fail
WAEC0112,18,Female,Ondo,Private,10.9,69.1,63.7,61.0,9,Yes,Secondary,Middle,5.0,Yes,Yes,61.6,Pass
WAEC0113,17,Female,Borno,Private,13.7,78.4,51.3,52.4,8,Yes,Tertiary,Middle,1.4,No,Yes,55.0,Pass
WAEC0114,17,Female,Benue,Private,11.9,67.4,52.5,45.4,7,Yes,Primary,Low,1.8,No,Yes,69.8,Pass
WAEC0115,17,Female,Kano,Private,4.7,86.0,48.6,59.9,7,No,None,Middle,4.2,Yes,Yes,12.1,Fail
WAEC0116,17,Female,Osun,Public,5.7,82.6,94.5,100.0,9,No,Secondary,Low,1.6,Yes,Yes,78.2,Pass
WAEC0117,15,Female,Kwara,Public,12.1,87.8,63.3,73.7,9,No,None,High,4.6,Yes,No,56.0,Pass
WAEC0118,15,Male,Imo,Public,17.1,88.1,48.0,56.4,9,No,Tertiary,Low,0.8,Yes,Yes,40.3,Fail
WAEC0119,16,Male,Kano,Private,0.9,89.2,62.0,65.7,9,Yes,Secondary,Low,0.3,Yes,Yes,30.6,Fail
WAEC0120,15,Female,Borno,Private,13.7,77.5,39.8,37.6,7,Yes,Tertiary,High,1.2,No,Yes,38.3,Fail
WAEC0121,17,Male,Ogun,Public,17.9,100.0,77.6,72.5,9,Yes,Secondary,Low,3.3,No,Yes,86.2,Pass
WAEC0122,18,Female,Lagos,Public,11.2,84.8,45.1,61.0,7,No,Secondary,Low,1.0,Yes,Yes,7.7,Fail
WAEC0123,18,Female,Enugu,Public,14.8,59.7,62.5,73.1,7,Yes,Tertiary,Middle,20.4,No,Yes,58.6,Pass
WAEC0124,17,Male,Ogun,Private,8.5,70.0,71.0,67.1,9,No,Primary,Low,4.3,No,Yes,28.1,Fail
WAEC0125,19,Female,Oyo,Public,11.4,61.1,60.8,64.2,8,Yes,Secondary,Low,1.7,Yes,No,42.9,Fail
WAEC0126,17,Male,Delta,Public,3.9,82.2,56.4,56.4,8,Yes,Secondary,Middle,19.9,No,No,30.7,Fail
WAEC0127,15,Female,Edo,Public,0.3,80.5,55.2,46.9,9,Yes,Tertiary,Low,1.9,No,No,10.8,Fail
WAEC0128,18,Male,Katsina,Public,16.7,76.4,54.2,59.0,7,Yes,Tertiary,Low,0.2,No,Yes,26.7,Fail
WAEC0129,17,Male,Oyo,Public,7.1,100.0,46.3,45.1,8,No,Primary,Low,2.6,Yes,Yes,30.5,Fail
WAEC0130,18,Female,Abia,Public,9.7,88.6,48.3,41.8,9,No,Secondary,Low,5.0,Yes,No,6.9,Fail
WAEC0131,17,Female,Katsina,Public,5.1,90.7,77.2,65.4,8,Yes,Secondary,Low,1.4,Yes,Yes,6.3,Fail
WAEC0132,17,Male,Osun,Public,5.0,70.8,53.4,40.8,8,No,Primary,Low,0.4,Yes,Yes,20.9,Fail
WAEC0133,15,Female,Katsina,Public,11.1,70.0,43.2,42.5,8,No,Secondary,Middle,11.7,Yes,Yes,6.4,Fail
WAEC0134,17,Female,Rivers,Public,8.4,82.4,47.3,49.4,9,No,Primary,Middle,2.2,No,No,17.9,Fail
WAEC0135,18,Male,Osun,Public,13.9,84.1,71.5,65.7,7,No,Primary,Low,5.3,Yes,Yes,66.3,Pass
WAEC0136,16,Female,Borno,Private,14.3,59.7,65.1,74.6,9,No,Secondary,Low,7.5,Yes,Yes,42.9,Fail
WAEC0137,18,Female,Delta,Public,13.6,79.8,63.4,65.7,9,No,Primary,High,3.4,No,Yes,66.8,Pass
WAEC0138,15,Male,Edo,Public,13.2,82.2,51.1,59.9,9,No,Secondary,Middle,3.1,Yes,Yes,48.6,Fail
WAEC0139,16,Female,Imo,Public,19.9,79.4,63.6,64.8,8,No,Primary,Middle,2.7,Yes,Yes,83.4,Pass
WAEC0140,17,Female,Edo,Public,6.7,72.2,45.3,40.4,8,No,Tertiary,Middle,11.6,No,Yes,6.5,Fail
WAEC0141,19,Female,Kaduna,Public,11.7,75.5,51.1,55.2,8,Yes,Primary,Low,1.6,Yes,Yes,28.4,Fail
WAEC0142,16,Female,Borno,Public,17.7,79.9,69.5,59.9,7,No,Tertiary,High,5.8,Yes,No,79.9,Pass
WAEC0143,16,Female,Borno,Private,18.3,83.1,68.1,76.5,9,No,None,High,3.3,No,No,37.0,Fail
WAEC0144,17,Male,Anambra,Public,4.9,89.3,40.3,33.9,8,Yes,Secondary,High,0.5,Yes,Yes,84.6,Pass
WAEC0145,19,Female,Osun,Public,10.4,95.0,42.2,54.4,9,No,Secondary,Low,4.9,Yes,No,10.2,Fail
WAEC0146,19,Male,Anambra,Public,18.8,78.5,56.6,56.2,7,No,Primary,Low,7.4,Yes,Yes,71.2,Pass
WAEC0147,15,Female,Benue,Public,14.5,76.5,80.9,94.5,9,Yes,Secondary,Low,1.9,No,No,94.0,Pass
WAEC0148,16,Male,Abia,Public,13.0,87.3,26.3,18.1,8,No,Tertiary,Low,4.0,Yes,Yes,21.5,Fail
WAEC0149,19,Male,Edo,Private,10.9,89.3,59.2,55.4,9,No,Tertiary,Low,2.3,No,Yes,68.4,Pass
WAEC0150,15,Male,Kano,Private,10.1,76.8,34.4,41.2,7,No,Secondary,Middle,0.2,Yes,Yes,75.7,Pass
WAEC0151,19,Female,Kwara,Public,13.4,91.5,45.5,60.2,8,Yes,Primary,Low,1.9,No,Yes,8.0,Fail
WAEC0152,16,Male,Delta,Public,10.7,93.8,49.5,69.2,8,Yes,Tertiary,High,2.2,Yes,Yes,54.7,Pass
WAEC0153,19,Male,Enugu,Public,11.8,97.5,48.7,52.1,8,No,Secondary,Low,28.2,Yes,Yes,35.5,Fail
WAEC0154,16,Female,Rivers,Public,12.4,100.0,47.0,68.4,7,Yes,Primary,Low,4.2,Yes,Yes,47.3,Fail
WAEC0155,17,Female,Borno,Private,8.6,71.6,55.1,55.2,8,Yes,Tertiary,High,0.9,No,Yes,78.2,Pass
WAEC0156,18,Male,Kano,Public,14.7,82.2,47.0,61.0,7,Yes,Secondary,Middle,2.3,Yes,Yes,64.0,Pass
WAEC0157,15,Female,Benue,Public,26.6,82.1,33.1,26.7,8,Yes,Secondary,Low,0.5,Yes,No,1.9,Fail
WAEC0158,17,Male,Ondo,Private,3.1,80.8,66.7,73.9,7,No,Secondary,Middle,8.7,Yes,Yes,55.5,Pass
WAEC0159,17,Male,Lagos,Public,13.6,74.2,66.3,45.9,8,No,Secondary,Low,8.8,Yes,No,6.9,Fail
WAEC0160,18,Female,Abia,Public,8.2,64.2,67.6,59.4,8,No,Primary,Low,6.4,No,Yes,24.8,Fail
WAEC0161,19,Male,Abia,Private,14.9,83.1,31.9,39.6,7,No,Tertiary,Middle,1.4,Yes,Yes,82.1,Pass
WAEC0162,18,Female,Anambra,Public,12.2,72.8,59.5,49.4,9,Yes,Primary,Low,0.2,Yes,Yes,48.3,Fail
WAEC0163,17,Female,Kwara,Public,15.8,83.0,65.1,72.4,9,Yes,Tertiary,Middle,1.8,Yes,Yes,90.3,Pass
WAEC0164,17,Female,Ogun,Public,17.9,72.5,39.5,51.6,7,Yes,Tertiary,Low,9.1,Yes,Yes,9.9,Fail
WAEC0165,17,Male,Ogun,Private,13.0,68.8,55.1,53.1,7,Yes,Tertiary,Middle,7.9,Yes,No,81.1,Pass
WAEC0166,19,Female,Ogun,Public,17.7,84.8,53.3,46.6,9,Yes,None,Middle,0.6,Yes,Yes,59.5,Pass
WAEC0167,16,Female,Osun,Public,0.3,83.8,82.6,80.9,7,Yes,Primary,Low,4.1,Yes,No,72.2,Pass
WAEC0168,15,Male,Cross River,Public,20.0,89.0,83.9,77.2,9,Yes,Secondary,Low,2.3,No,Yes,97.0,Pass
WAEC0169,16,Male,Anambra,Public,13.9,100.0,30.0,32.0,8,Yes,Secondary,Middle,4.2,Yes,Yes,11.0,Fail
WAEC0170,15,Male,Katsina,Private,17.4,85.3,92.4,96.4,8,No,Tertiary,Middle,4.4,No,Yes,85.8,Pass
WAEC0171,15,Female,Osun,Public,5.9,87.8,41.3,41.2,7,No,Secondary,Middle,0.4,Yes,No,10.6,Fail
WAEC0172,15,Female,Katsina,Public,7.8,69.1,69.7,89.4,8,No,Tertiary,Middle,2.0,Yes,Yes,73.2,Pass
WAEC0173,18,Male,Plateau,Public,12.7,66.6,69.6,65.4,7,No,Primary,Middle,0.9,Yes,Yes,37.9,Fail
WAEC0174,18,Female,Anambra,Private,11.9,100.0,40.1,57.0,8,No,Secondary,Low,3.0,Yes,Yes,37.4,Fail
WAEC0175,18,Female,Benue,Public,13.4,70.9,62.4,55.0,8,Yes,None,Middle,0.6,No,Yes,60.1,Pass
WAEC0176,17,Female,Delta,Private,17.4,69.5,53.4,57.1,7,No,Tertiary,Low,1.5,No,No,12.0,Fail
WAEC0177,18,Male,Kaduna,Private,3.2,81.5,63.3,78.1,8,Yes,Primary,Middle,1.8,No,No,23.9,Fail
WAEC0178,15,Male,Edo,Public,16.9,80.9,58.5,72.8,8,Yes,Primary,Low,2.2,No,No,8.6,Fail
WAEC0179,19,Male,Borno,Private,12.0,71.2,72.9,71.7,9,Yes,Tertiary,Low,6.5,Yes,No,60.5,Pass
WAEC0180,17,Female,Abia,Private,11.0,78.3,56.1,64.7,7,Yes,Secondary,Middle,0.2,Yes,No,37.4,Fail
WAEC0181,19,Female,Anambra,Public,4.6,96.8,52.5,59.7,9,Yes,None,Middle,9.0,No,Yes,22.7,Fail
WAEC0182,15,Female,Edo,Private,14.5,72.3,71.4,69.0,9,No,None,Middle,2.9,Yes,Yes,41.5,Fail
WAEC0183,17,Male,Kaduna,Public,0.0,65.3,63.7,72.9,9,No,Secondary,Middle,3.8,Yes,Yes,19.1,Fail
WAEC0184,18,Male,Kwara,Private,15.2,93.3,66.0,87.6,9,No,Secondary,High,0.5,No,Yes,93.8,Pass
WAEC0185,17,Male,Anambra,Private,4.5,87.9,45.0,52.7,8,No,Primary,High,3.6,No,Yes,34.5,Fail
WAEC0186,17,Female,Abia,Public,12.3,74.6,39.3,48.0,9,No,Secondary,High,2.0,No,Yes,60.8,Pass
WAEC0187,15,Male,Anambra,Private,11.4,63.0,46.5,56.2,9,Yes,Primary,Middle,0.6,Yes,No,36.4,Fail
WAEC0188,16,Female,Delta,Public,17.8,73.1,45.7,34.1,8,No,Secondary,Middle,3.9,No,No,14.5,Fail
WAEC0189,16,Female,Borno,Private,11.1,81.3,66.8,74.4,7,No,Secondary,Middle,0.6,Yes,Yes,60.8,Pass
WAEC0190,16,Male,Delta,Private,8.5,96.0,69.6,62.4,8,Yes,Primary,Middle,0.6,Yes,No,71.4,Pass
WAEC0191,18,Male,Oyo,Public,9.5,69.6,52.7,49.8,9,Yes,Primary,Low,14.7,Yes,Yes,28.1,Fail
WAEC0192,18,Male,Anambra,Public,18.4,81.0,76.5,100.0,9,No,Primary,Middle,2.9,No,Yes,41.2,Fail
WAEC0193,18,Female,Imo,Public,14.7,90.1,75.5,76.0,8,No,None,Low,6.6,No,Yes,28.1,Fail
WAEC0194,16,Female,Oyo,Public,10.1,53.4,58.7,54.3,7,No,Secondary,Low,0.3,No,Yes,6.1,Fail
WAEC0195,19,Male,Delta,Public,10.8,94.4,42.7,57.2,9,No,Tertiary,High,2.0,Yes,Yes,82.5,Pass
WAEC0196,15,Male,Rivers,Public,4.2,67.8,78.6,72.1,7,Yes,Tertiary,Low,0.5,Yes,Yes,52.7,Pass
WAEC0197,16,Female,Imo,Public,13.9,86.0,54.1,52.6,7,No,Secondary,Middle,0.8,Yes,Yes,72.3,Pass
WAEC0198,15,Male,Plateau,Public,3.2,85.0,56.9,72.4,8,Yes,Secondary,Middle,5.9,No,Yes,54.6,Pass
WAEC0199,16,Male,Borno,Private,15.8,95.0,49.9,53.3,9,Yes,Secondary,Low,1.9,Yes,No,89.6,Pass
WAEC0200,19,Male,Anambra,Private,12.6,88.6,41.7,29.1,7,No,Tertiary,High,21.7,Yes,Yes,17.6,Fail
WAEC0201,16,Male,Ondo,Private,23.9,53.5,33.0,41.4,8,Yes,Primary,Low,0.4,No,Yes,4.5,Fail
WAEC0202,19,Male,Enugu,Public,6.5,72.6,64.5,63.5,7,No,Primary,High,2.1,Yes,Yes,24.4,Fail
WAEC0203,17,Female,Benue,Private,11.5,83.7,43.2,61.6,8,Yes,Secondary,Middle,1.2,No,Yes,28.9,Fail
WAEC0204,18,Female,Abia,Public,21.0,79.7,100.0,96.9,7,No,None,Low,1.1,Yes,Yes,16.3,Fail
WAEC0205,17,Female,Benue,Public,18.0,87.7,38.7,52.2,8,No,Secondary,Low,1.0,No,Yes,34.1,Fail
WAEC0206,16,Female,Benue,Public,8.5,91.5,36.1,56.9,8,No,Tertiary,Low,3.7,Yes,Yes,30.0,Fail
WAEC0207,18,Female,Imo,Private,13.1,89.3,62.7,57.2,7,No,Tertiary,Low,1.0,Yes,Yes,54.5,Pass
WAEC0208,19,Male,Kaduna,Public,12.0,79.4,77.9,79.0,7,No,Primary,Low,4.2,Yes,Yes,23.3,Fail
WAEC0209,16,Male,Imo,Public,13.4,59.8,56.0,62.9,9,No,Secondary,High,2.0,Yes,Yes,31.5,Fail
WAEC0210,18,Female,Osun,Private,8.5,76.5,63.6,58.0,7,No,Secondary,Low,3.9,No,Yes,79.1,Pass
WAEC0211,16,Male,Borno,Public,11.6,87.0,27.3,33.0,7,No,Secondary,High,0.8,Yes,Yes,17.4,Fail
WAEC0212,18,Female,Katsina,Public,4.0,68.9,44.8,45.6,7,Yes,Secondary,Low,9.7,Yes,Yes,4.9,Fail
WAEC0213,18,Female,Rivers,Private,12.7,89.6,38.9,39.4,9,Yes,None,High,6.4,No,Yes,61.6,Pass
WAEC0214,17,Male,Abia,Public,14.3,92.9,26.6,30.1,8,Yes,Tertiary,Low,3.3,Yes,Yes,32.7,Fail
WAEC0215,18,Female,Kano,Public,10.9,83.5,56.8,60.5,7,Yes,Tertiary,Middle,7.0,No,Yes,95.4,Pass
WAEC0216,16,Female,Kwara,Private,3.9,45.2,21.4,26.0,9,Yes,Secondary,Middle,3.0,No,Yes,11.6,Fail
WAEC0217,15,Male,Borno,Private,16.9,66.7,35.2,32.2,7,Yes,Secondary,Low,0.2,Yes,Yes,67.0,Pass
WAEC0218,15,Male,Oyo,Public,13.8,100.0,46.9,44.3,8,No,Secondary,High,2.9,No,Yes,75.1,Pass
WAEC0219,17,Female,Kwara,Private,8.4,75.4,42.5,44.3,7,Yes,Secondary,Low,2.0,Yes,Yes,32.3,Fail
WAEC0220,19,Female,Katsina,Public,10.6,58.2,60.9,63.5,9,No,Primary,Middle,1.9,Yes,Yes,12.7,Fail
WAEC0221,15,Male,Osun,Public,4.5,96.8,59.6,58.2,9,Yes,Secondary,Middle,4.9,Yes,No,74.6,Pass
WAEC0222,17,Female,Anambra,Public,6.9,82.2,68.4,74.6,9,No,None,Middle,0.6,No,No,27.7,Fail
WAEC0223,18,Male,Kano,Public,9.3,95.3,66.3,51.2,7,Yes,Tertiary,Low,10.4,No,No,10.0,Fail
WAEC0224,16,Female,Katsina,Private,18.1,85.3,72.1,67.8,7,No,Secondary,Low,4.8,Yes,Yes,30.5,Fail
WAEC0225,18,Female,Katsina,Private,8.8,87.5,55.0,55.2,9,Yes,Secondary,Low,2.7,No,Yes,5.4,Fail
WAEC0226,16,Male,Abia,Public,15.2,86.4,59.6,54.0,9,No,Secondary,Low,1.6,Yes,Yes,53.0,Pass
WAEC0227,19,Female,Borno,Public,9.3,90.4,62.7,82.0,7,Yes,Tertiary,Low,9.0,No,Yes,50.5,Pass
WAEC0228,17,Female,Lagos,Public,13.2,100.0,57.1,60.3,9,No,Primary,High,1.4,No,Yes,39.3,Fail
WAEC0229,17,Female,Cross River,Private,11.3,93.7,49.0,53.8,9,Yes,Primary,Middle,16.9,No,Yes,8.1,Fail
WAEC0230,15,Male,Lagos,Public,16.4,63.0,50.0,48.2,8,No,Primary,Middle,3.6,No,Yes,4.4,Fail
WAEC0231,17,Male,Katsina,Private,9.3,87.4,42.7,45.5,8,Yes,Secondary,Low,11.2,No,Yes,22.2,Fail
WAEC0232,19,Male,Kwara,Public,4.1,95.7,61.3,52.1,7,No,Tertiary,Low,1.3,Yes,Yes,26.5,Fail
WAEC0233,15,Male,Katsina,Public,5.1,96.4,53.6,54.9,7,No,Primary,Middle,11.7,No,Yes,18.3,Fail
WAEC0234,18,Male,Abia,Private,9.3,76.9,45.1,38.7,7,Yes,Tertiary,Low,7.4,No,No,48.9,Fail
WAEC0235,17,Female,Oyo,Private,5.8,96.0,45.1,45.3,7,Yes,Primary,Low,0.6,No,Yes,89.0,Pass
WAEC0236,18,Female,Lagos,Public,14.1,93.1,36.8,14.2,9,Yes,Secondary,Middle,6.8,Yes,Yes,39.0,Fail
WAEC0237,18,Female,Delta,Private,9.7,100.0,69.7,61.4,8,Yes,None,Middle,4.2,No,No,78.3,Pass
WAEC0238,17,Male,Plateau,Private,23.9,73.0,56.2,73.8,9,No,Secondary,High,0.2,Yes,Yes,61.8,Pass
WAEC0239,16,Male,Rivers,Public,3.3,75.9,42.1,53.4,7,Yes,Secondary,Low,10.3,Yes,Yes,3.7,Fail
WAEC0240,18,Female,Ondo,Public,13.0,78.3,67.1,83.3,9,Yes,Secondary,Middle,0.8,Yes,Yes,71.5,Pass
WAEC0241,15,Male,Enugu,Public,6.4,76.1,46.6,63.5,7,No,Primary,Low,0.3,Yes,Yes,2.4,Fail
WAEC0242,17,Female,Edo,Private,9.5,71.3,33.9,43.6,9,Yes,Tertiary,Low,0.3,No,Yes,45.4,Fail
WAEC0243,15,Female,Enugu,Public,12.7,48.8,70.3,68.8,7,Yes,Tertiary,Middle,0.5,Yes,No,42.2,Fail
WAEC0244,18,Male,Edo,Public,0.4,76.8,46.9,39.5,7,No,Secondary,Low,6.9,No,No,0.5,Fail
WAEC0245,18,Male,Edo,Public,13.2,86.4,48.9,63.4,7,No,Secondary,Middle,3.7,No,No,73.0,Pass
WAEC0246,15,Male,Lagos,Private,21.5,76.1,55.6,59.2,9,No,Tertiary,Middle,3.7,Yes,No,50.4,Pass
WAEC0247,18,Male,Abia,Public,9.7,100.0,72.1,100.0,7,No,Primary,Low,0.2,No,Yes,8.5,Fail
WAEC0248,17,Male,Benue,Private,13.3,82.2,55.3,54.6,8,No,Tertiary,High,2.7,Yes,No,87.9,Pass
WAEC0249,18,Female,Katsina,Public,17.1,97.5,37.0,59.7,8,Yes,Primary,Middle,5.7,No,Yes,20.2,Fail
WAEC0250,15,Female,Delta,Private,11.2,85.1,63.2,64.6,9,No,Tertiary,Middle,2.1,No,Yes,90.8,Pass
WAEC0251,15,Female,Ondo,Public,9.1,91.9,47.7,64.1,8,No,Primary,Middle,1.0,Yes,No,11.3,Fail
WAEC0252,17,Female,Ondo,Public,0.6,85.4,83.3,100.0,7,No,Primary,High,1.8,No,No,30.4,Fail
WAEC0253,15,Female,Borno,Private,15.2,98.4,55.0,47.8,8,Yes,Secondary,Low,5.1,Yes,No,66.3,Pass
WAEC0254,16,Male,Anambra,Private,11.4,82.7,21.5,19.7,7,Yes,Secondary,Middle,0.3,Yes,Yes,67.4,Pass
WAEC0255,18,Male,Ondo,Public,6.9,88.0,60.4,53.1,9,No,Tertiary,Middle,0.5,No,Yes,72.5,Pass
WAEC0256,15,Female,Abia,Public,12.6,86.4,84.2,74.9,9,No,Tertiary,Low,0.7,Yes,Yes,66.6,Pass
WAEC0257,18,Male,Oyo,Private,9.1,78.5,78.6,88.3,7,No,Primary,Low,0.4,No,Yes,61.0,Pass
WAEC0258,15,Male,Kaduna,Private,9.4,86.9,82.5,83.5,9,No,Primary,High,4.6,Yes,No,84.6,Pass
WAEC0259,15,Female,Kwara,Public,15.0,100.0,39.7,43.2,7,No,Secondary,Middle,0.2,Yes,No,38.3,Fail
WAEC0260,17,Female,Rivers,Public,5.3,78.8,68.7,77.3,8,Yes,Secondary,Middle,2.1,No,Yes,60.7,Pass
WAEC0261,18,Female,Ogun,Private,17.2,87.0,44.2,28.6,8,Yes,Secondary,Middle,2.8,Yes,Yes,29.2,Fail
WAEC0262,15,Female,Benue,Private,5.0,97.1,58.4,74.3,7,Yes,Tertiary,High,3.0,No,Yes,95.0,Pass
WAEC0263,16,Male,Kano,Private,8.7,95.7,35.9,35.4,8,Yes,Tertiary,High,0.7,Yes,Yes,84.8,Pass
WAEC0264,19,Female,Edo,Public,21.6,82.1,45.3,53.6,7,Yes,None,Middle,4.4,No,Yes,18.4,Fail
WAEC0265,19,Female,Enugu,Public,17.6,53.4,44.9,54.1,9,No,Secondary,Low,11.1,No,No,19.9,Fail
WAEC0266,17,Female,Imo,Private,12.5,88.2,68.5,85.2,9,No,Secondary,Low,6.2,Yes,Yes,23.3,Fail
WAEC0267,17,Female,Enugu,Private,7.3,55.4,67.0,69.0,9,No,Secondary,Middle,14.3,Yes,No,76.8,Pass
WAEC0268,16,Female,Borno,Private,9.4,99.6,59.2,41.0,8,Yes,Primary,High,13.0,Yes,Yes,66.6,Pass
WAEC0269,18,Male,Oyo,Public,12.4,84.0,34.7,38.3,8,No,Secondary,Middle,0.4,No,No,20.7,Fail
WAEC0270,17,Male,Borno,Public,12.2,94.0,50.3,55.3,8,No,Secondary,Low,2.2,Yes,Yes,22.3,Fail
WAEC0271,16,Male,Benue,Private,11.5,71.2,43.8,36.5,9,No,Primary,Low,9.1,Yes,Yes,1.9,Fail
WAEC0272,15,Male,Ondo,Public,11.8,63.4,68.0,72.5,8,No,Tertiary,Middle,0.2,No,Yes,50.8,Pass
WAEC0273,15,Male,Ondo,Private,10.9,85.1,72.7,72.1,8,No,Secondary,High,1.1,Yes,No,82.8,Pass
WAEC0274,19,Male,Rivers,Public,4.8,81.6,70.8,60.4,8,No,Secondary,Low,1.0,Yes,No,42.9,Fail
WAEC0275,17,Female,Katsina,Private,9.4,76.1,43.7,53.4,8,No,Secondary,Middle,0.3,Yes,Yes,46.1,Fail
WAEC0276,17,Female,Abia,Private,16.6,83.0,13.9,11.3,8,No,Tertiary,Middle,5.3,Yes,Yes,3.5,Fail
WAEC0277,17,Female,Borno,Public,5.2,100.0,28.5,27.4,9,Yes,Primary,High,5.2,No,Yes,5.1,Fail
WAEC0278,18,Female,Ondo,Public,11.1,92.0,76.3,74.7,8,Yes,Primary,Low,6.3,No,No,83.9,Pass
WAEC0279,15,Female,Abia,Private,7.9,94.6,49.0,64.4,9,Yes,Secondary,High,2.6,No,Yes,52.0,Pass
WAEC0280,15,Female,Anambra,Public,12.6,92.1,43.7,46.3,9,No,Secondary,Middle,2.4,No,Yes,71.1,Pass
WAEC0281,16,Male,Kano,Public,10.1,99.8,79.6,83.4,8,No,Primary,Middle,11.2,Yes,Yes,26.1,Fail
WAEC0282,17,Female,Kano,Private,19.4,79.7,74.0,72.6,9,No,Tertiary,Low,0.3,Yes,Yes,74.7,Pass
WAEC0283,18,Male,Anambra,Private,14.5,57.3,55.4,63.0,7,Yes,Primary,Middle,3.4,No,No,54.8,Pass
WAEC0284,17,Male,Osun,Public,5.4,79.7,50.6,67.1,9,Yes,None,Middle,3.1,No,No,6.8,Fail
WAEC0285,17,Female,Imo,Public,15.4,91.7,53.0,62.5,7,No,Secondary,Low,12.4,No,No,48.7,Fail
WAEC0286,19,Female,Edo,Public,8.1,70.4,58.4,68.3,8,Yes,Tertiary,Middle,11.3,Yes,No,54.0,Pass
WAEC0287,15,Male,Enugu,Public,9.1,79.9,79.0,88.1,7,No,Tertiary,Middle,1.4,No,No,72.1,Pass
WAEC0288,17,Male,Abia,Public,13.6,73.7,61.3,50.5,8,Yes,Tertiary,Middle,13.4,No,Yes,44.5,Fail
WAEC0289,17,Male,Cross River,Public,9.5,100.0,65.9,60.1,8,No,Secondary,Low,2.7,No,No,39.9,Fail
WAEC0290,17,Male,Borno,Private,16.5,91.0,72.5,73.5,9,No,Tertiary,Middle,5.2,No,Yes,96.7,Pass
WAEC0291,19,Male,Plateau,Public,8.1,89.8,37.5,33.2,7,No,Secondary,Low,10.7,Yes,Yes,9.8,Fail
WAEC0292,16,Female,Cross River,Private,8.9,89.5,66.3,58.7,9,Yes,Primary,High,3.8,Yes,No,95.2,Pass
WAEC0293,19,Female,Katsina,Public,8.7,81.6,50.6,34.9,9,No,Secondary,High,4.3,Yes,Yes,23.7,Fail
WAEC0294,16,Female,Ogun,Public,9.2,84.4,17.3,6.8,8,No,Tertiary,Low,12.4,Yes,Yes,15.4,Fail
WAEC0295,17,Female,Katsina,Private,17.5,67.8,23.1,23.5,8,No,Secondary,Low,3.0,No,Yes,19.0,Fail
WAEC0296,17,Female,Anambra,Private,15.1,55.8,39.7,42.0,9,No,Secondary,Low,6.5,Yes,Yes,6.2,Fail
WAEC0297,19,Female,Kano,Public,20.5,83.8,63.0,58.1,7,Yes,Secondary,Middle,7.7,Yes,No,64.8,Pass
WAEC0298,17,Male,Ogun,Public,23.3,85.9,56.7,60.5,9,No,Secondary,High,0.9,Yes,Yes,69.1,Pass
WAEC0299,16,Male,Kano,Public,6.8,96.5,57.8,56.5,7,Yes,None,Middle,1.1,No,Yes,16.1,Fail
WAEC0300,15,Female,Kano,Public,12.4,100.0,84.3,98.2,9,Yes,Secondary,Low,2.6,Yes,Yes,88.6,Pass
WAEC0301,16,Male,Ondo,Public,6.1,100.0,36.0,37.4,7,No,Tertiary,Low,4.6,Yes,Yes,28.7,Fail
WAEC0302,19,Male,Benue,Public,8.1,70.0,54.6,64.6,9,No,Primary,Low,6.8,No,Yes,7.9,Fail
WAEC0303,15,Male,Enugu,Public,8.8,77.8,59.6,64.6,9,Yes,Secondary,High,0.2,Yes,Yes,74.8,Pass
WAEC0304,19,Female,Osun,Public,6.7,87.8,44.0,33.0,7,Yes,None,Middle,7.4,Yes,Yes,17.9,Fail
WAEC0305,17,Male,Oyo,Private,6.7,100.0,55.4,57.5,8,Yes,None,Middle,7.0,Yes,Yes,44.0,Fail
WAEC0306,15,Female,Kaduna,Private,11.3,99.8,31.0,21.6,8,Yes,Tertiary,Low,5.5,No,Yes,48.2,Fail
WAEC0307,16,Male,Plateau,Public,5.9,95.4,76.1,78.0,7,No,Secondary,High,0.9,No,Yes,51.0,Pass
WAEC0308,17,Male,Delta,Public,16.2,77.3,44.8,40.3,8,Yes,Secondary,Low,8.6,No,No,80.5,Pass
WAEC0309,16,Male,Plateau,Public,7.4,71.4,85.5,92.3,9,No,Primary,High,0.2,Yes,Yes,26.3,Fail
WAEC0310,15,Male,Ondo,Public,26.0,91.5,54.5,44.1,7,Yes,Tertiary,High,0.2,No,Yes,71.6,Pass
WAEC0311,18,Female,Oyo,Private,9.7,68.8,70.4,73.5,9,Yes,Primary,Middle,1.5,No,No,38.9,Fail
WAEC0312,18,Male,Lagos,Private,12.4,79.1,54.2,62.9,9,No,Tertiary,High,0.5,Yes,Yes,98.2,Pass
WAEC0313,15,Male,Katsina,Private,5.5,80.6,54.5,66.6,8,Yes,Primary,Low,0.2,Yes,Yes,17.4,Fail
WAEC0314,16,Female,Imo,Private,20.5,100.0,46.2,41.6,8,Yes,None,Middle,4.0,Yes,No,57.6,Pass
WAEC0315,16,Female,Imo,Private,17.6,77.7,56.8,60.0,8,No,Secondary,Low,8.0,No,Yes,40.1,Fail
WAEC0316,18,Male,Edo,Private,13.5,52.7,59.8,64.6,7,No,None,Middle,7.5,Yes,No,22.2,Fail
WAEC0317,18,Female,Ogun,Public,5.3,88.1,43.2,61.7,8,No,Secondary,Low,4.9,Yes,No,41.7,Fail
WAEC0318,18,Female,Kwara,Public,13.1,73.6,53.1,41.3,9,Yes,Primary,Low,0.9,No,No,38.4,Fail
WAEC0319,19,Male,Abia,Public,6.4,82.5,45.8,39.7,7,No,Tertiary,Low,0.7,No,No,8.4,Fail
WAEC0320,18,Female,Rivers,Public,19.3,81.0,89.5,100.0,9,No,Tertiary,Low,13.5,No,Yes,64.4,Pass
WAEC0321,16,Female,Cross River,Public,16.0,78.7,53.7,54.0,9,No,Tertiary,Middle,0.6,No,No,6.0,Fail
WAEC0322,15,Female,Kwara,Private,12.5,91.5,78.2,62.3,9,Yes,None,Middle,20.7,Yes,Yes,56.9,Pass
WAEC0323,18,Male,Kano,Private,0.0,63.6,52.1,49.3,8,Yes,Tertiary,Low,11.0,No,Yes,17.0,Fail
WAEC0324,19,Male,Anambra,Public,7.1,75.8,58.9,34.2,8,Yes,Tertiary,High,2.5,Yes,Yes,68.3,Pass
WAEC0325,19,Male,Benue,Public,15.4,90.2,35.2,40.6,8,Yes,Primary,High,2.5,Yes,Yes,11.0,Fail
WAEC0326,16,Female,Cross River,Public,18.1,74.6,48.3,59.4,9,No,Primary,Low,1.0,No,Yes,19.3,Fail
WAEC0327,16,Female,Kano,Public,17.5,62.7,58.2,52.1,9,Yes,Tertiary,Middle,2.7,Yes,Yes,24.0,Fail
WAEC0328,15,Male,Lagos,Private,4.0,90.0,78.8,77.1,8,Yes,Primary,Middle,0.4,Yes,Yes,85.9,Pass
WAEC0329,15,Male,Abia,Public,13.5,95.5,58.3,70.5,9,Yes,Secondary,Middle,2.8,No,Yes,33.6,Fail
WAEC0330,17,Female,Edo,Private,17.1,81.5,75.8,61.3,8,No,Tertiary,Low,8.6,Yes,No,31.2,Fail
WAEC0331,17,Female,Borno,Public,3.7,58.5,64.6,54.4,8,Yes,None,Middle,2.6,Yes,Yes,59.1,Pass
WAEC0332,16,Female,Imo,Public,12.0,90.5,79.4,80.1,7,Yes,Secondary,Low,0.6,No,No,71.7,Pass
WAEC0333,16,Male,Katsina,Public,13.4,62.1,54.1,49.6,8,Yes,Secondary,Low,1.7,No,No,48.4,Fail
WAEC0334,19,Female,Enugu,Private,10.5,85.7,90.9,91.0,8,No,Secondary,Middle,5.2,No,No,94.1,Pass
WAEC0335,17,Male,Ogun,Private,2.7,71.4,47.7,38.1,9,Yes,Tertiary,Middle,1.3,Yes,Yes,49.5,Fail
WAEC0336,19,Female,Kano,Public,10.4,68.1,43.5,48.6,9,No,Primary,High,2.4,No,No,44.3,Fail
WAEC0337,19,Male,Abia,Private,10.4,76.7,36.8,38.3,7,Yes,Secondary,Low,1.1,No,No,5.3,Fail
WAEC0338,16,Male,Rivers,Public,11.3,79.8,90.0,98.5,8,Yes,Tertiary,Low,1.9,Yes,No,90.6,Pass
WAEC0339,16,Male,Edo,Private,9.2,74.3,67.3,72.3,9,Yes,Primary,Low,0.8,Yes,No,33.1,Fail
WAEC0340,19,Female,Delta,Public,9.8,89.1,50.0,55.1,8,Yes,Tertiary,Low,10.8,Yes,Yes,23.1,Fail
WAEC0341,18,Female,Rivers,Public,11.8,76.6,73.7,62.2,8,Yes,None,Low,3.7,Yes,Yes,47.8,Fail
WAEC0342,16,Male,Oyo,Private,14.2,93.8,65.3,73.2,9,No,Secondary,Middle,2.5,Yes,No,87.5,Pass
WAEC0343,18,Female,Imo,Public,10.5,85.4,84.5,84.2,8,No,None,Middle,15.6,No,Yes,47.9,Fail
WAEC0344,17,Male,Katsina,Public,10.0,73.6,31.8,33.1,9,Yes,Secondary,Middle,8.2,No,No,18.4,Fail
WAEC0345,19,Male,Rivers,Public,12.5,71.6,51.0,64.5,8,Yes,Tertiary,Low,0.5,Yes,Yes,61.8,Pass
WAEC0346,16,Male,Ogun,Public,2.4,62.2,48.1,43.9,7,No,Tertiary,Low,6.7,No,Yes,19.4,Fail
WAEC0347,19,Female,Enugu,Private,14.4,85.5,25.4,41.9,8,Yes,Tertiary,Middle,4.5,Yes,Yes,77.6,Pass
WAEC0348,19,Male,Osun,Private,12.0,77.7,70.9,88.3,9,Yes,Secondary,Low,7.1,Yes,Yes,85.9,Pass
WAEC0349,15,Female,Ogun,Private,12.2,53.5,50.9,61.4,8,Yes,Tertiary,High,1.7,No,No,72.9,Pass
WAEC0350,15,Male,Borno,Public,16.8,75.6,66.1,59.3,9,Yes,Secondary,Low,2.5,Yes,Yes,77.6,Pass
WAEC0351,17,Male,Enugu,Public,2.2,71.2,90.4,71.5,7,No,Tertiary,Middle,6.9,No,No,10.2,Fail
WAEC0352,15,Male,Oyo,Public,2.1,100.0,49.7,63.5,9,No,Secondary,High,6.1,Yes,Yes,47.4,Fail
WAEC0353,16,Female,Abia,Public,13.4,61.6,48.7,52.8,7,No,Tertiary,Middle,3.3,Yes,No,7.7,Fail
WAEC0354,17,Male,Kwara,Public,12.0,64.7,56.8,52.3,9,No,Primary,Middle,6.3,Yes,Yes,26.4,Fail
WAEC0355,19,Female,Borno,Private,12.9,95.3,69.8,84.5,8,Yes,Secondary,Middle,0.4,Yes,Yes,98.9,Pass
WAEC0356,19,Female,Ondo,Private,9.7,98.3,46.5,40.9,9,Yes,Tertiary,Low,4.5,No,Yes,46.0,Fail
WAEC0357,15,Male,Ondo,Private,15.3,73.1,45.5,44.3,9,Yes,Primary,Middle,0.2,No,Yes,51.6,Pass
WAEC0358,19,Female,Cross River,Public,16.7,74.4,70.9,79.1,9,Yes,Primary,High,0.3,Yes,No,83.8,Pass
WAEC0359,15,Female,Anambra,Public,14.4,89.4,60.7,52.6,9,Yes,Tertiary,High,0.2,Yes,No,25.6,Fail
WAEC0360,18,Male,Ogun,Public,10.7,54.1,24.3,26.2,8,Yes,Secondary,Middle,10.9,No,Yes,6.5,Fail
WAEC0361,19,Male,Kano,Public,1.5,59.7,36.6,50.5,9,No,Primary,Low,7.4,No,Yes,4.6,Fail
WAEC0362,19,Male,Ogun,Public,15.8,78.6,77.5,82.6,7,Yes,Secondary,Middle,4.2,Yes,Yes,12.3,Fail
WAEC0363,16,Female,Anambra,Public,18.1,100.0,61.0,76.5,7,Yes,Secondary,Middle,3.1,Yes,Yes,59.6,Pass
WAEC0364,19,Male,Lagos,Public,15.2,76.8,43.6,57.9,8,No,Secondary,Low,0.6,Yes,Yes,56.0,Pass
WAEC0365,15,Female,Enugu,Private,7.6,83.2,52.4,55.5,9,Yes,Tertiary,Low,0.5,Yes,Yes,90.1,Pass
WAEC0366,17,Female,Imo,Public,15.4,95.6,55.2,34.8,9,No,Tertiary,Low,4.8,Yes,Yes,49.6,Fail
WAEC0367,17,Female,Anambra,Private,16.3,100.0,66.0,57.9,8,Yes,Secondary,Middle,6.9,Yes,No,91.8,Pass
WAEC0368,16,Male,Borno,Public,19.8,75.1,34.6,45.2,8,No,Secondary,Low,6.6,Yes,Yes,19.3,Fail
WAEC0369,15,Female,Edo,Public,7.6,81.8,42.4,29.9,8,Yes,Secondary,Low,14.0,Yes,Yes,29.7,Fail
WAEC0370,18,Male,Borno,Public,10.9,100.0,59.1,58.8,9,No,Tertiary,Low,2.6,Yes,Yes,42.0,Fail
WAEC0371,16,Male,Kwara,Public,15.7,63.7,53.5,59.9,9,Yes,Primary,High,0.7,No,Yes,49.6,Fail
WAEC0372,18,Male,Lagos,Public,12.3,94.3,63.6,81.3,7,Yes,Primary,Low,0.5,No,Yes,28.5,Fail
WAEC0373,17,Male,Enugu,Public,6.4,69.8,36.6,33.8,8,No,Tertiary,Low,0.8,Yes,Yes,49.7,Fail
WAEC0374,16,Male,Plateau,Private,14.1,83.2,60.4,57.0,8,Yes,Tertiary,Middle,13.3,Yes,Yes,96.5,Pass
WAEC0375,19,Male,Imo,Public,14.9,79.1,71.4,73.9,9,Yes,Secondary,Low,0.5,Yes,No,86.5,Pass
WAEC0376,15,Male,Delta,Private,12.4,70.5,62.3,68.8,8,No,Secondary,High,3.2,No,No,40.7,Fail
WAEC0377,18,Male,Imo,Public,13.1,70.2,57.1,58.6,9,Yes,Secondary,High,11.8,No,No,16.4,Fail
WAEC0378,18,Female,Katsina,Public,10.7,85.3,53.6,67.1,8,No,Secondary,Middle,2.5,Yes,Yes,81.5,Pass
WAEC0379,16,Male,Anambra,Public,19.4,93.9,42.5,37.5,9,No,Primary,Middle,0.5,No,Yes,35.7,Fail
WAEC0380,16,Female,Lagos,Public,7.5,80.4,53.9,58.1,7,Yes,Primary,Low,4.8,No,Yes,27.0,Fail
WAEC0381,15,Female,Delta,Private,9.1,82.8,73.9,81.4,9,No,Secondary,Low,0.7,No,Yes,37.8,Fail
WAEC0382,19,Female,Katsina,Private,12.1,88.9,53.2,52.2,7,Yes,Secondary,Low,8.5,Yes,No,58.4,Pass
WAEC0383,19,Female,Benue,Private,16.4,70.3,41.7,53.1,8,No,Secondary,Low,0.2,Yes,No,8.5,Fail
WAEC0384,16,Female,Osun,Public,4.5,90.9,47.6,52.1,9,Yes,Primary,Low,2.9,No,Yes,34.1,Fail
WAEC0385,15,Female,Katsina,Public,5.4,91.8,58.0,68.9,9,Yes,Tertiary,Middle,5.4,Yes,Yes,94.6,Pass
WAEC0386,15,Female,Kano,Private,1.8,100.0,49.4,54.3,8,Yes,Secondary,Low,0.7,No,Yes,89.3,Pass
WAEC0387,15,Female,Kaduna,Public,12.2,77.5,62.3,69.1,8,No,Tertiary,Low,0.2,No,Yes,61.1,Pass
WAEC0388,19,Male,Oyo,Public,6.4,76.5,62.8,59.5,7,No,Primary,Middle,2.7,Yes,No,4.7,Fail
WAEC0389,19,Male,Lagos,Public,10.1,91.2,68.3,65.0,9,No,Secondary,Middle,2.0,Yes,Yes,65.6,Pass
WAEC0390,15,Female,Osun,Private,15.3,91.8,76.4,91.6,7,No,Tertiary,Low,1.2,Yes,Yes,98.6,Pass
WAEC0391,18,Male,Katsina,Private,8.8,75.6,69.9,79.3,7,No,Secondary,Low,4.4,Yes,Yes,30.0,Fail
WAEC0392,15,Female,Rivers,Private,13.2,77.2,41.0,33.8,8,No,Primary,Low,5.0,No,Yes,10.4,Fail
WAEC0393,16,Male,Plateau,Private,10.5,88.5,41.4,46.2,7,No,Primary,Low,10.8,No,Yes,41.8,Fail
WAEC0394,17,Male,Imo,Public,15.4,72.1,53.9,33.2,7,No,Primary,High,16.6,Yes,No,20.8,Fail
WAEC0395,18,Female,Oyo,Private,14.4,77.1,48.2,45.5,8,Yes,Secondary,High,2.5,No,Yes,98.0,Pass
WAEC0396,19,Female,Katsina,Public,8.5,83.1,37.9,50.5,9,No,Secondary,Middle,0.2,Yes,Yes,17.3,Fail
WAEC0397,15,Female,Ondo,Private,11.2,94.0,48.4,50.1,7,No,Primary,Middle,1.0,No,Yes,16.0,Fail
WAEC0398,15,Male,Abia,Public,17.2,74.7,47.9,52.1,9,Yes,Secondary,Middle,0.2,Yes,Yes,87.5,Pass
WAEC0399,16,Female,Plateau,Private,14.0,59.9,44.9,17.7,8,Yes,None,Middle,2.2,No,Yes,5.5,Fail
WAEC0400,16,Female,Anambra,Public,5.0,59.0,50.3,49.4,7,Yes,Secondary,Low,0.4,No,Yes,17.8,Fail
WAEC0401,19,Female,Benue,Public,15.3,66.9,72.7,79.1,9,No,Secondary,Low,10.6,Yes,Yes,30.8,Fail
WAEC0402,18,Female,Ogun,Public,6.6,66.2,58.0,65.7,8,Yes,Primary,Middle,0.2,No,Yes,66.6,Pass
WAEC0403,16,Female,Borno,Public,19.1,80.1,92.1,100.0,9,No,Primary,Middle,6.2,No,No,64.7,Pass
WAEC0404,19,Female,Oyo,Public,17.1,67.7,57.6,58.5,7,Yes,Primary,Low,1.0,Yes,No,35.0,Fail
WAEC0405,17,Male,Rivers,Private,13.4,73.6,50.6,51.9,7,No,None,Low,1.7,No,No,5.0,Fail
WAEC0406,17,Female,Borno,Public,12.8,72.7,55.1,44.8,7,Yes,Secondary,Low,6.5,No,Yes,60.4,Pass
WAEC0407,17,Female,Kaduna,Private,11.0,76.7,58.8,59.8,8,No,None,Low,0.2,No,No,94.0,Pass
WAEC0408,15,Female,Delta,Public,15.4,97.9,61.5,51.9,9,No,Primary,Middle,0.7,Yes,Yes,65.3,Pass
WAEC0409,19,Female,Benue,Private,10.1,89.9,86.2,70.7,9,Yes,Tertiary,Middle,2.5,No,Yes,93.2,Pass
WAEC0410,15,Female,Rivers,Public,13.2,82.2,42.3,34.4,8,Yes,Tertiary,Middle,3.9,No,Yes,17.7,Fail
WAEC0411,15,Male,Imo,Private,16.4,76.5,67.9,86.0,8,Yes,Primary,Low,2.6,No,Yes,40.5,Fail
WAEC0412,16,Female,Kaduna,Public,9.2,76.8,58.1,58.4,9,Yes,Secondary,Low,2.9,Yes,No,27.7,Fail
WAEC0413,16,Male,Rivers,Public,8.9,85.9,31.4,36.6,8,No,Secondary,High,4.7,Yes,Yes,18.9,Fail
WAEC0414,15,Male,Borno,Private,6.0,89.0,66.6,64.5,7,No,Tertiary,Middle,0.2,No,Yes,74.3,Pass
WAEC0415,15,Female,Rivers,Public,6.7,71.1,74.0,59.1,7,No,Tertiary,Low,1.6,Yes,No,80.4,Pass
WAEC0416,18,Female,Oyo,Public,2.9,82.4,42.1,54.5,7,No,Primary,Low,2.4,Yes,Yes,35.0,Fail
WAEC0417,19,Male,Kwara,Private,15.6,57.6,54.9,36.2,8,Yes,Primary,High,4.5,Yes,No,40.6,Fail
WAEC0418,15,Male,Ondo,Private,21.0,84.5,29.1,26.6,8,No,Secondary,Middle,2.4,No,No,6.8,Fail
WAEC0419,16,Male,Kano,Public,19.1,91.1,36.1,38.6,8,No,Tertiary,High,2.0,Yes,No,81.5,Pass
WAEC0420,17,Male,Plateau,Public,3.9,78.6,70.7,76.0,8,Yes,Tertiary,Middle,1.3,No,No,63.9,Pass
WAEC0421,19,Male,Imo,Private,15.6,100.0,48.0,43.7,9,No,Primary,Middle,3.0,No,Yes,7.6,Fail
WAEC0422,18,Male,Osun,Private,19.1,71.4,38.4,23.0,9,Yes,Secondary,Middle,0.8,No,Yes,71.5,Pass
WAEC0423,18,Female,Kano,Private,9.7,84.6,58.4,53.4,7,No,Primary,Low,0.3,No,No,41.6,Fail
WAEC0424,17,Female,Borno,Public,12.5,81.6,47.2,42.7,7,No,Secondary,Middle,8.9,Yes,No,1.3,Fail
WAEC0425,17,Female,Cross River,Private,2.0,80.8,47.9,43.2,7,No,Tertiary,Middle,3.8,No,Yes,23.9,Fail
WAEC0426,15,Male,Osun,Public,13.3,80.6,66.1,78.8,9,Yes,Secondary,Low,0.4,Yes,Yes,62.1,Pass
WAEC0427,19,Male,Anambra,Private,6.7,83.3,37.6,28.5,8,No,None,High,0.2,No,Yes,35.6,Fail
WAEC0428,19,Male,Katsina,Public,13.0,92.2,41.4,47.4,9,Yes,Secondary,Low,4.0,Yes,Yes,26.1,Fail
WAEC0429,15,Female,Cross River,Private,4.2,98.5,57.3,61.9,8,No,Secondary,Low,6.3,No,Yes,17.4,Fail
WAEC0430,18,Male,Kano,Public,14.7,82.0,69.5,82.1,8,Yes,Tertiary,Low,2.9,No,No,76.5,Pass
WAEC0431,15,Male,Katsina,Public,17.1,91.8,73.6,75.3,7,No,Secondary,High,0.2,Yes,No,58.6,Pass
WAEC0432,18,Male,Benue,Private,8.1,73.6,45.0,55.9,8,No,Tertiary,High,0.8,No,Yes,76.7,Pass
WAEC0433,19,Female,Delta,Public,6.3,91.2,69.1,70.4,7,Yes,Primary,Middle,0.2,Yes,Yes,34.4,Fail
WAEC0434,15,Male,Imo,Private,1.2,72.9,43.2,50.5,8,Yes,Primary,High,5.6,Yes,Yes,17.2,Fail
WAEC0435,17,Male,Anambra,Public,10.7,95.1,82.4,70.4,7,No,Secondary,High,0.6,Yes,Yes,91.0,Pass
WAEC0436,15,Female,Imo,Private,9.1,100.0,38.0,14.6,7,Yes,None,High,7.3,Yes,Yes,47.0,Fail
WAEC0437,17,Female,Borno,Public,4.2,80.5,74.9,81.7,7,Yes,Primary,High,5.3,No,Yes,82.9,Pass
WAEC0438,19,Male,Ondo,Public,14.3,55.7,45.2,52.5,9,Yes,Secondary,Low,2.4,No,Yes,13.0,Fail
WAEC0439,15,Male,Enugu,Public,9.8,75.4,85.2,93.0,9,Yes,Primary,Middle,2.3,Yes,Yes,53.9,Pass
WAEC0440,16,Female,Borno,Public,6.6,96.8,63.9,61.7,8,No,Primary,Middle,0.4,No,Yes,72.5,Pass
WAEC0441,19,Female,Ogun,Public,9.2,88.6,39.8,57.7,8,No,Primary,Middle,1.2,No,Yes,3.6,Fail
WAEC0442,16,Female,Plateau,Private,17.4,85.0,47.2,45.6,9,Yes,None,Low,0.4,No,Yes,63.8,Pass
WAEC0443,15,Male,Benue,Private,15.0,94.1,66.7,73.9,8,No,Tertiary,Middle,7.1,Yes,Yes,96.2,Pass
WAEC0444,17,Male,Edo,Private,11.3,87.8,70.8,79.7,8,Yes,Tertiary,High,2.6,No,Yes,97.5,Pass
WAEC0445,17,Female,Edo,Public,15.1,96.6,53.9,74.1,8,Yes,None,Low,0.3,Yes,Yes,21.5,Fail
WAEC0446,18,Male,Edo,Public,6.2,93.0,55.7,55.5,8,No,Tertiary,High,6.9,No,Yes,29.9,Fail
WAEC0447,16,Male,Ondo,Public,12.2,100.0,66.4,62.9,8,Yes,Tertiary,Low,0.3,No,Yes,64.6,Pass
WAEC0448,19,Female,Anambra,Private,12.7,86.3,57.0,45.0,9,No,Tertiary,Low,1.0,No,No,10.9,Fail
WAEC0449,17,Female,Kaduna,Private,9.7,92.9,35.6,54.1,8,No,Secondary,Low,7.3,Yes,Yes,12.3,Fail
WAEC0450,16,Male,Anambra,Public,14.2,78.3,42.8,50.0,8,No,Primary,Middle,3.8,Yes,Yes,37.7,Fail
WAEC0451,19,Female,Rivers,Private,8.1,74.8,58.5,66.0,7,No,Secondary,Middle,3.0,No,Yes,69.4,Pass
WAEC0452,19,Male,Anambra,Public,14.5,100.0,73.2,100.0,9,Yes,Tertiary,Low,8.1,Yes,No,47.5,Fail
WAEC0453,17,Female,Kano,Public,14.8,84.6,79.2,85.5,9,Yes,Tertiary,Middle,0.7,Yes,No,93.6,Pass
WAEC0454,15,Female,Oyo,Public,0.0,91.7,66.7,56.7,7,Yes,Secondary,Low,1.3,No,Yes,55.8,Pass
WAEC0455,17,Male,Plateau,Public,18.0,83.5,59.3,60.3,7,No,Primary,Middle,2.0,No,Yes,73.3,Pass
WAEC0456,17,Female,Oyo,Private,0.0,75.0,66.2,59.5,9,No,Tertiary,High,7.3,Yes,Yes,84.1,Pass
WAEC0457,15,Male,Abia,Private,8.9,82.1,45.0,44.0,7,Yes,Tertiary,Middle,0.5,Yes,Yes,93.3,Pass
WAEC0458,18,Female,Benue,Public,17.1,99.2,52.7,51.7,9,Yes,Secondary,Middle,6.3,No,Yes,72.1,Pass
WAEC0459,19,Male,Plateau,Public,10.4,88.7,42.6,39.7,9,Yes,Secondary,Middle,0.2,Yes,Yes,80.4,Pass
WAEC0460,15,Male,Ogun,Private,4.7,61.5,36.3,25.4,9,No,Secondary,High,1.2,Yes,No,6.6,Fail
WAEC0461,18,Female,Rivers,Private,6.5,79.4,60.0,78.9,7,No,Secondary,Low,1.0,Yes,No,37.1,Fail
WAEC0462,15,Female,Katsina,Private,17.1,100.0,57.8,63.8,8,No,Secondary,Low,2.5,Yes,Yes,60.9,Pass
WAEC0463,18,Male,Osun,Public,2.4,79.4,65.3,66.0,8,No,Tertiary,Low,2.2,No,No,17.9,Fail
WAEC0464,17,Female,Cross River,Private,17.6,60.4,63.2,73.8,9,Yes,Tertiary,Middle,15.8,Yes,Yes,86.6,Pass
WAEC0465,15,Female,Oyo,Public,11.7,100.0,58.6,66.3,7,No,Secondary,Middle,1.9,Yes,Yes,76.4,Pass
WAEC0466,19,Male,Lagos,Private,6.0,90.2,63.3,69.1,7,No,Secondary,Middle,4.0,Yes,No,68.4,Pass
WAEC0467,15,Female,Delta,Public,9.1,81.2,54.4,64.2,7,Yes,Secondary,Low,0.2,Yes,Yes,45.0,Fail
WAEC0468,17,Female,Rivers,Private,6.9,77.5,61.2,65.5,9,No,Primary,Low,5.8,Yes,Yes,14.1,Fail
WAEC0469,15,Male,Ondo,Public,16.3,95.0,44.1,53.8,9,Yes,Primary,Middle,2.2,No,Yes,73.2,Pass
WAEC0470,19,Male,Enugu,Public,15.7,75.5,60.5,71.0,7,No,None,High,1.9,No,Yes,37.4,Fail
WAEC0471,18,Female,Kaduna,Private,3.4,95.8,65.0,69.6,7,No,Secondary,Low,0.6,Yes,Yes,29.6,Fail
WAEC0472,19,Male,Borno,Private,10.0,88.5,45.0,45.8,7,No,Primary,Low,11.3,Yes,Yes,14.0,Fail
WAEC0473,17,Female,Osun,Public,7.7,84.9,55.8,74.1,9,No,Secondary,Low,3.9,Yes,Yes,5.5,Fail
WAEC0474,17,Female,Enugu,Private,18.5,83.7,45.6,43.8,8,Yes,Tertiary,Middle,1.3,Yes,Yes,84.6,Pass
WAEC0475,18,Male,Anambra,Private,5.2,79.9,47.1,54.0,7,No,Primary,Low,0.2,No,Yes,14.1,Fail
WAEC0476,18,Male,Imo,Public,20.0,94.5,38.1,45.2,7,No,Secondary,Low,7.1,Yes,No,8.1,Fail
WAEC0477,19,Female,Kwara,Public,11.8,71.6,74.0,70.9,8,No,Tertiary,Middle,3.8,No,Yes,90.1,Pass
WAEC0478,15,Male,Katsina,Public,6.2,62.5,71.0,65.9,8,No,Secondary,Low,2.1,No,Yes,6.3,Fail
WAEC0479,18,Male,Ondo,Private,8.6,89.4,63.1,62.6,7,Yes,Primary,Low,1.2,Yes,No,67.9,Pass
WAEC0480,15,Female,Borno,Public,8.0,89.6,84.6,82.7,9,No,Secondary,Low,5.2,No,No,86.4,Pass
WAEC0481,16,Female,Lagos,Public,5.6,87.8,52.2,40.6,8,No,Secondary,High,6.0,Yes,Yes,71.7,Pass
WAEC0482,19,Female,Enugu,Private,12.5,86.9,100.0,96.5,7,Yes,Secondary,Middle,2.1,Yes,No,93.2,Pass
WAEC0483,16,Female,Abia,Private,5.9,78.2,51.6,57.3,9,No,Primary,Low,3.3,No,No,3.1,Fail
WAEC0484,18,Female,Lagos,Private,1.1,91.4,58.8,74.5,9,No,Secondary,Low,13.3,Yes,Yes,10.4,Fail
WAEC0485,17,Male,Anambra,Private,10.1,81.5,49.0,57.5,7,No,Secondary,Middle,17.8,No,No,13.4,Fail
WAEC0486,16,Female,Rivers,Private,3.0,76.2,60.6,37.6,7,No,Primary,High,8.2,No,No,9.6,Fail
WAEC0487,16,Female,Katsina,Private,8.2,78.3,67.5,76.9,7,Yes,Secondary,Low,2.6,Yes,Yes,54.0,Pass
WAEC0488,17,Female,Oyo,Private,7.5,100.0,53.3,50.7,9,No,None,Low,0.5,No,Yes,13.0,Fail
WAEC0489,18,Female,Kano,Public,7.6,61.2,81.7,89.2,8,Yes,Secondary,Low,7.0,Yes,No,41.6,Fail
WAEC0490,18,Male,Rivers,Public,22.0,88.0,58.6,61.5,9,No,Tertiary,Middle,0.2,No,No,66.4,Pass
WAEC0491,19,Female,Kano,Public,12.3,61.9,59.1,60.2,8,No,Primary,High,1.5,Yes,Yes,11.2,Fail
WAEC0492,19,Male,Abia,Private,13.2,80.7,41.4,43.4,8,No,Secondary,Middle,0.2,Yes,No,22.6,Fail
WAEC0493,18,Female,Anambra,Public,3.1,76.8,61.3,64.1,8,No,Secondary,Low,4.4,Yes,No,14.3,Fail
WAEC0494,18,Male,Katsina,Public,8.7,57.0,53.0,69.4,9,No,Secondary,Middle,1.8,No,No,14.7,Fail
WAEC0495,16,Male,Kaduna,Public,13.1,86.7,45.9,48.7,8,No,Tertiary,Middle,3.2,Yes,No,85.2,Pass
WAEC0496,17,Male,Imo,Public,6.9,77.4,43.4,57.3,9,Yes,Secondary,Low,2.4,No,Yes,32.3,Fail
WAEC0497,15,Female,Kwara,Public,16.5,56.8,95.1,100.0,9,No,Primary,Low,3.3,Yes,Yes,10.0,Fail
WAEC0498,16,Female,Cross River,Private,6.0,92.1,51.0,60.7,9,No,Tertiary,Low,0.5,Yes,Yes,70.8,Pass
WAEC0499,19,Male,Benue,Private,10.6,99.2,33.1,18.2,9,Yes,Tertiary,Middle,0.4,Yes,Yes,85.0,Pass
WAEC0500,17,Male,Enugu,Public,9.1,99.9,44.5,58.7,8,No,Secondary,Middle,4.7,Yes,Yes,39.6,Fail
WAEC0501,15,Male,Imo,Public,12.8,86.3,54.2,52.6,7,No,None,Middle,2.2,No,No,2.6,Fail
WAEC0502,18,Male,Osun,Public,8.8,82.6,63.2,73.4,8,No,Primary,High,2.3,Yes,No,83.1,Pass
WAEC0503,19,Female,Ondo,Private,10.6,97.9,63.3,56.6,9,No,Secondary,Low,0.3,No,Yes,21.6,Fail
WAEC0504,19,Male,Cross River,Private,10.8,100.0,65.1,56.2,9,Yes,Primary,Low,3.7,No,No,59.9,Pass
WAEC0505,16,Male,Kwara,Public,8.3,95.6,45.3,68.1,8,No,Primary,Low,3.3,Yes,Yes,23.0,Fail
WAEC0506,17,Male,Ondo,Private,14.4,70.7,60.1,53.5,7,Yes,Tertiary,High,0.2,No,Yes,92.8,Pass
WAEC0507,17,Male,Cross River,Public,13.2,84.4,41.9,56.4,8,Yes,Primary,Middle,0.4,No,Yes,81.8,Pass
WAEC0508,16,Female,Katsina,Public,11.6,87.3,45.7,49.9,9,No,None,Low,3.1,No,Yes,12.0,Fail
WAEC0509,16,Female,Kano,Private,9.8,60.3,41.2,40.0,7,Yes,None,Low,0.3,Yes,Yes,10.4,Fail
WAEC0510,16,Male,Delta,Public,16.0,87.6,37.2,39.8,7,Yes,Secondary,Middle,1.2,No,No,65.2,Pass
WAEC0511,19,Female,Kano,Public,10.8,100.0,71.0,61.0,7,No,Secondary,Middle,0.5,No,Yes,38.5,Fail
WAEC0512,18,Male,Oyo,Public,10.5,89.7,65.3,68.2,9,Yes,Tertiary,Middle,2.7,Yes,Yes,86.1,Pass
WAEC0513,19,Male,Edo,Private,12.5,99.7,69.6,61.8,8,Yes,Primary,Low,2.8,No,Yes,23.9,Fail
WAEC0514,19,Male,Enugu,Private,20.5,84.2,55.6,54.6,7,Yes,Primary,High,3.4,Yes,Yes,52.4,Pass
WAEC0515,19,Male,Ogun,Private,5.3,81.1,66.7,79.0,7,No,Secondary,Middle,5.4,No,No,48.1,Fail
WAEC0516,15,Male,Ogun,Public,15.8,86.6,28.6,34.1,7,Yes,Secondary,Middle,1.9,No,No,35.0,Fail
WAEC0517,19,Female,Cross River,Public,2.5,72.2,67.9,56.1,8,No,Secondary,Middle,0.2,No,Yes,6.3,Fail
WAEC0518,15,Female,Katsina,Private,13.1,70.4,57.7,69.2,9,No,Tertiary,High,7.8,No,Yes,80.0,Pass
WAEC0519,17,Female,Osun,Public,19.9,97.2,64.4,67.3,8,Yes,Secondary,High,3.4,No,Yes,62.4,Pass
WAEC0520,17,Male,Anambra,Private,14.4,98.5,60.7,58.3,9,No,Secondary,Middle,1.9,No,Yes,90.3,Pass
WAEC0521,16,Male,Delta,Private,12.9,70.1,40.2,50.7,9,Yes,Tertiary,Middle,3.4,Yes,Yes,66.0,Pass
WAEC0522,15,Male,Benue,Public,9.2,93.6,32.5,33.8,9,No,None,Low,1.0,Yes,Yes,1.7,Fail
WAEC0523,15,Male,Kano,Private,12.2,81.0,44.3,35.6,7,Yes,Tertiary,High,1.7,Yes,Yes,85.0,Pass
WAEC0524,19,Male,Imo,Public,10.7,86.1,63.5,85.0,9,No,Secondary,Middle,4.8,Yes,Yes,32.4,Fail
WAEC0525,16,Female,Ogun,Public,8.1,87.5,65.4,68.2,7,Yes,Secondary,Low,4.0,No,Yes,79.8,Pass
WAEC0526,16,Female,Rivers,Public,10.6,93.9,34.5,36.7,8,No,Tertiary,Low,11.3,No,Yes,13.5,Fail
WAEC0527,19,Female,Cross River,Public,13.0,83.0,40.3,39.2,9,Yes,Secondary,High,1.4,Yes,Yes,57.3,Pass
WAEC0528,15,Female,Delta,Private,8.2,98.9,44.2,59.0,7,No,Secondary,High,3.4,Yes,Yes,82.6,Pass
WAEC0529,19,Female,Rivers,Private,8.0,85.7,49.6,47.4,7,Yes,Primary,High,2.8,No,Yes,30.1,Fail
WAEC0530,19,Female,Kwara,Private,5.2,89.5,34.6,22.2,7,Yes,Secondary,Middle,0.2,Yes,Yes,22.9,Fail
WAEC0531,17,Male,Rivers,Private,14.0,72.0,33.7,29.9,7,Yes,Secondary,Middle,1.2,No,Yes,59.4,Pass
WAEC0532,15,Female,Kwara,Public,14.7,100.0,42.7,59.0,8,No,Primary,High,11.9,No,No,5.1,Fail
WAEC0533,15,Female,Rivers,Public,13.2,87.6,56.3,67.6,9,No,Tertiary,Low,2.0,Yes,No,13.6,Fail
WAEC0534,16,Female,Ogun,Private,16.8,90.6,37.3,37.7,7,No,Secondary,Low,0.4,Yes,Yes,62.2,Pass
WAEC0535,17,Female,Osun,Private,12.4,62.7,53.3,70.0,8,No,Secondary,High,2.6,Yes,No,69.2,Pass
WAEC0536,15,Male,Enugu,Public,14.0,72.1,70.9,81.4,9,No,None,Low,5.4,Yes,No,2.9,Fail
WAEC0537,17,Female,Benue,Public,13.5,96.9,35.5,35.8,9,Yes,Secondary,Middle,8.1,Yes,Yes,29.3,Fail
WAEC0538,15,Male,Plateau,Public,11.5,85.4,51.9,53.2,7,No,None,Middle,4.2,Yes,Yes,7.3,Fail
WAEC0539,17,Female,Katsina,Public,9.3,59.0,70.4,76.7,8,No,None,Middle,1.3,Yes,Yes,73.8,Pass
WAEC0540,15,Female,Rivers,Private,23.1,94.5,48.7,43.4,7,No,Secondary,Low,4.5,Yes,Yes,73.4,Pass
WAEC0541,18,Female,Plateau,Public,9.7,75.5,46.4,49.4,7,No,None,Middle,4.1,Yes,No,5.2,Fail
WAEC0542,15,Male,Katsina,Private,8.7,98.9,72.5,78.6,7,No,Primary,Low,10.2,No,Yes,52.8,Pass
WAEC0543,15,Female,Benue,Private,14.2,80.9,50.4,36.5,8,No,Secondary,High,4.0,Yes,Yes,23.6,Fail
WAEC0544,15,Female,Rivers,Private,13.3,84.5,71.6,72.7,7,No,Secondary,Low,2.7,No,Yes,33.8,Fail
WAEC0545,19,Male,Osun,Public,5.0,96.1,61.4,61.4,7,Yes,Tertiary,Middle,0.8,Yes,Yes,83.4,Pass
WAEC0546,15,Male,Kano,Public,17.6,71.2,49.9,63.2,7,No,Tertiary,Middle,3.1,Yes,Yes,67.6,Pass
WAEC0547,17,Female,Abia,Private,11.5,70.1,62.2,46.8,8,No,Secondary,Low,1.2,Yes,Yes,38.4,Fail
WAEC0548,17,Female,Edo,Private,6.4,79.6,59.8,59.0,8,No,Tertiary,Low,0.6,No,Yes,55.8,Pass
WAEC0549,17,Female,Imo,Public,17.9,91.9,70.3,68.5,8,No,Tertiary,Middle,9.3,Yes,No,62.0,Pass
WAEC0550,18,Female,Imo,Private,15.1,66.0,46.8,59.4,7,Yes,Secondary,Low,1.8,Yes,Yes,51.2,Pass
WAEC0551,19,Male,Lagos,Public,5.7,62.0,55.6,58.2,8,Yes,Tertiary,Low,6.5,Yes,Yes,33.0,Fail
WAEC0552,16,Female,Imo,Private,20.9,91.9,54.1,75.1,8,Yes,Primary,Middle,6.0,No,No,45.8,Fail
WAEC0553,19,Male,Katsina,Public,15.3,74.8,65.6,75.2,7,No,Secondary,High,1.8,Yes,Yes,73.3,Pass
WAEC0554,16,Female,Ogun,Public,11.9,77.3,39.6,38.5,9,Yes,Secondary,Middle,1.6,Yes,Yes,59.5,Pass
WAEC0555,19,Male,Kaduna,Public,20.0,59.7,70.3,75.7,9,No,None,Low,4.7,No,No,9.0,Fail
WAEC0556,17,Female,Borno,Public,12.8,73.9,62.0,61.5,8,No,Primary,High,0.2,Yes,Yes,16.9,Fail
WAEC0557,18,Male,Oyo,Public,11.9,81.9,35.2,46.8,8,No,Tertiary,Middle,5.2,Yes,Yes,15.7,Fail
WAEC0558,19,Female,Edo,Public,8.7,93.2,73.1,62.8,9,Yes,Secondary,Middle,1.1,No,Yes,80.5,Pass
WAEC0559,18,Male,Imo,Public,14.9,72.7,88.5,83.3,8,No,Primary,Middle,0.8,Yes,Yes,89.9,Pass
WAEC0560,19,Male,Edo,Private,14.4,100.0,70.0,77.6,8,Yes,Primary,Low,1.0,Yes,Yes,79.9,Pass
WAEC0561,17,Female,Katsina,Public,12.1,73.8,76.4,91.7,8,No,Secondary,Low,7.4,Yes,Yes,32.3,Fail
WAEC0562,15,Male,Ogun,Private,8.1,73.8,56.3,37.3,7,Yes,Tertiary,Middle,8.8,Yes,Yes,77.1,Pass
WAEC0563,17,Female,Borno,Private,12.6,100.0,30.1,46.8,9,Yes,Tertiary,Low,1.8,No,Yes,26.5,Fail
WAEC0564,15,Female,Oyo,Public,11.7,84.5,27.3,28.9,7,Yes,Secondary,Middle,4.2,No,Yes,65.0,Pass
WAEC0565,19,Female,Plateau,Public,5.3,75.4,58.8,43.0,7,No,Primary,Low,22.0,No,Yes,4.3,Fail
WAEC0566,16,Male,Abia,Private,4.6,80.1,46.1,19.1,9,Yes,None,Low,0.7,Yes,Yes,9.5,Fail
WAEC0567,16,Male,Enugu,Private,14.8,98.2,41.3,29.0,8,No,Secondary,Low,3.1,No,No,15.7,Fail
WAEC0568,16,Male,Enugu,Public,0.0,99.6,54.1,56.9,8,No,Tertiary,Middle,0.9,No,Yes,33.6,Fail
WAEC0569,18,Female,Plateau,Private,13.0,72.2,64.2,66.5,7,No,Tertiary,Middle,10.8,Yes,Yes,91.5,Pass
WAEC0570,17,Female,Cross River,Public,9.6,81.5,33.2,42.5,7,Yes,Secondary,Low,0.3,No,Yes,18.7,Fail
WAEC0571,19,Female,Cross River,Public,18.5,83.1,48.3,45.8,9,Yes,Secondary,Low,0.2,No,Yes,42.3,Fail
WAEC0572,17,Female,Oyo,Private,9.5,70.2,77.6,69.5,8,Yes,Secondary,Low,2.0,No,Yes,79.6,Pass
WAEC0573,16,Male,Abia,Public,15.3,81.3,38.9,37.8,7,Yes,Secondary,High,0.4,Yes,No,29.2,Fail
WAEC0574,15,Male,Borno,Private,10.0,82.1,68.0,71.3,9,No,Secondary,Low,1.5,Yes,Yes,63.9,Pass
WAEC0575,15,Male,Lagos,Public,12.6,95.7,47.7,53.0,8,Yes,Secondary,Middle,6.4,No,Yes,59.6,Pass
WAEC0576,16,Male,Edo,Private,15.7,96.5,63.2,58.3,9,Yes,Secondary,Low,1.6,No,Yes,27.1,Fail
WAEC0577,19,Male,Edo,Public,9.7,78.0,71.5,83.5,8,Yes,Tertiary,Low,0.2,Yes,No,72.8,Pass
WAEC0578,17,Male,Ondo,Public,17.0,79.4,66.1,62.9,8,No,Secondary,Middle,13.5,Yes,Yes,41.7,Fail
WAEC0579,19,Male,Kaduna,Public,7.0,90.0,68.6,62.9,9,Yes,None,Middle,0.6,No,Yes,44.9,Fail
WAEC0580,15,Male,Edo,Public,13.5,75.0,37.7,35.3,9,No,Primary,Low,3.0,Yes,No,5.6,Fail
WAEC0581,15,Female,Plateau,Private,16.6,89.1,71.7,85.4,7,Yes,Secondary,High,3.0,Yes,No,93.2,Pass
WAEC0582,19,Female,Oyo,Public,15.3,80.9,42.2,43.9,9,No,Secondary,Low,1.8,No,Yes,47.6,Fail
WAEC0583,15,Female,Osun,Public,21.6,70.4,58.9,55.0,9,No,Secondary,Low,0.2,Yes,No,7.1,Fail
WAEC0584,15,Male,Osun,Public,8.2,70.5,58.9,71.2,8,Yes,Tertiary,Low,2.3,Yes,No,37.1,Fail
WAEC0585,17,Male,Plateau,Public,5.1,99.4,62.3,86.7,7,Yes,Primary,Middle,1.2,Yes,Yes,83.7,Pass
WAEC0586,19,Male,Cross River,Private,7.0,80.1,60.1,65.2,7,Yes,Secondary,Middle,4.4,No,No,72.1,Pass
WAEC0587,18,Male,Plateau,Public,15.3,100.0,42.3,57.6,7,Yes,Tertiary,Low,0.2,Yes,Yes,77.2,Pass
WAEC0588,15,Female,Benue,Private,14.5,75.8,34.8,48.2,7,Yes,Secondary,High,5.3,No,Yes,97.8,Pass
WAEC0589,19,Female,Katsina,Public,12.5,85.5,68.1,65.0,9,No,Secondary,Middle,4.2,No,Yes,64.3,Pass
WAEC0590,19,Male,Ogun,Private,6.4,100.0,57.8,61.1,9,No,Primary,High,4.3,No,No,73.0,Pass
WAEC0591,19,Male,Edo,Public,15.8,69.3,72.2,62.4,8,Yes,Secondary,High,4.3,Yes,Yes,71.5,Pass
WAEC0592,19,Male,Cross River,Public,5.9,59.2,54.3,55.3,8,No,Tertiary,High,10.7,Yes,Yes,17.1,Fail
WAEC0593,16,Male,Rivers,Private,17.8,97.4,33.9,30.6,9,Yes,Tertiary,Middle,0.4,Yes,Yes,74.9,Pass
WAEC0594,19,Female,Ondo,Private,26.3,72.1,69.5,68.5,8,No,Secondary,Low,0.3,No,Yes,75.7,Pass
WAEC0595,16,Female,Benue,Private,13.8,81.8,49.4,44.9,8,Yes,Primary,Middle,0.3,No,No,53.3,Pass
WAEC0596,19,Female,Cross River,Public,14.9,75.0,60.1,60.2,8,No,Secondary,Middle,2.9,No,No,37.6,Fail
WAEC0597,17,Female,Delta,Public,9.5,85.2,45.3,53.6,7,No,Tertiary,Middle,0.4,Yes,Yes,46.2,Fail
WAEC0598,18,Female,Delta,Private,2.9,70.6,79.7,81.5,7,Yes,Secondary,Middle,2.9,Yes,No,69.4,Pass
WAEC0599,18,Female,Ogun,Public,9.0,79.8,41.9,26.3,8,Yes,Tertiary,Low,3.2,No,No,15.9,Fail
WAEC0600,18,Female,Kwara,Private,6.5,87.4,49.9,45.4,9,Yes,None,High,0.4,Yes,Yes,77.2,Pass
